iata_id,agency,city,country,region,continent,vehicle_id,trip_id,route_id,latitude,longitude,datetime,duration
YHZ,Halifax Transit,Halifax,Canada,Canada East,North America,3249,3120773,6A,44.64900970458984,-63.54814147949219,1749497048,90
YHZ,Halifax Transit,Halifax,Canada,Canada East,North America,3295,3120210,64,44.698951721191406,-63.60758972167969,1749497362,603
YHZ,Halifax Transit,Halifax,Canada,Canada East,North America,2536,3116911,330,44.65114974975586,-63.58974075317383,1749497365,60
YHZ,Halifax Transit,Halifax,Canada,Canada East,North America,3363,3121340,72,44.71429061889648,-63.569480895996094,1749497472,59
YHZ,Halifax Transit,Halifax,Canada,Canada East,North America,4053,3113652,185,44.768009185791016,-63.69850158691406,1749497524,89
YHZ,Halifax Transit,Halifax,Canada,Canada East,North America,3389,3122815,82,44.77122116088867,-63.696659088134766,1749497526,89
YHZ,Halifax Transit,Halifax,Canada,Canada East,North America,3321,3113153,10C,44.68436050415039,-63.531620025634766,1749497775,150
YHZ,Halifax Transit,Halifax,Canada,Canada East,North America,2729,3112482,1,44.648048400878906,-63.62078857421875,1749497822,121
YHZ,Halifax Transit,Halifax,Canada,Canada East,North America,2756,3112483,1,44.64788055419922,-63.62049102783203,1749497837,181
YHZ,Halifax Transit,Halifax,Canada,Canada East,North America,2728,3124517,9A,44.5890007019043,-63.59352111816406,1749497865,392
YHZ,Halifax Transit,Halifax,Canada,Canada East,North America,3289,3118848,54,44.70499038696289,-63.541160583496094,1749497960,89
YHZ,Halifax Transit,Halifax,Canada,Canada East,North America,3134,3117694,415,44.64794921875,-63.6203498840332,1749498010,59
YHZ,Halifax Transit,Halifax,Canada,Canada East,North America,3249,3120746,6A,44.67079162597656,-63.575218200683594,1749498013,181
YHZ,Halifax Transit,Halifax,Canada,Canada East,North America,3403,3113289,127,44.62725830078125,-63.62525939941406,1749498917,89
YHZ,Halifax Transit,Halifax,Canada,Canada East,North America,3265,3115207,26,44.64807891845703,-63.620811462402344,1749499104,59
YHZ,Halifax Transit,Halifax,Canada,Canada East,North America,3167,3115001,24,44.59532928466797,-63.636680603027344,1749499104,59
YHZ,Halifax Transit,Halifax,Canada,Canada East,North America,3414,3121822,7A,44.67171859741211,-63.61231994628906,1749499114,59
YHZ,Halifax Transit,Halifax,Canada,Canada East,North America,2736,3118085,5,44.669830322265625,-63.50543975830078,1749499150,90
YHZ,Halifax Transit,Halifax,Canada,Canada East,North America,3407,3117611,4,44.657169342041016,-63.607948303222656,1749499152,211
YHZ,Halifax Transit,Halifax,Canada,Canada East,North America,3295,3120210,64,44.70341873168945,-63.575340270996094,1749499172,91
YHZ,Halifax Transit,Halifax,Canada,Canada East,North America,3412,3123314,85,44.69916915893555,-63.60773086547851,1749499204,89
YHZ,Halifax Transit,Halifax,Canada,Canada East,North America,3384,3121341,72,44.714298248291016,-63.56949996948242,1749499206,89
YHZ,Halifax Transit,Halifax,Canada,Canada East,North America,3330,3121154,6C,44.69807052612305,-63.60702896118164,1749499224,59
YHZ,Halifax Transit,Halifax,Canada,Canada East,North America,2744,3113154,10C,44.68434143066406,-63.53160858154297,1749499282,121
YHZ,Halifax Transit,Halifax,Canada,Canada East,North America,3320,3113654,185,44.76795959472656,-63.6987190246582,1749499674,212
YHZ,Halifax Transit,Halifax,Canada,Canada East,North America,3412,3123314,85,44.699180603027344,-63.60773086547851,1749499837,211
YHZ,Halifax Transit,Halifax,Canada,Canada East,North America,3263,3114194,2,44.66048049926758,-63.66347885131836,1749499837,121
YHZ,Halifax Transit,Halifax,Canada,Canada East,North America,3380,3123465,86,44.77260971069336,-63.69432830810547,1749500069,211
YHZ,Halifax Transit,Halifax,Canada,Canada East,North America,3412,3123314,85,44.69858169555664,-63.60736083984375,1749500077,89
YHZ,Halifax Transit,Halifax,Canada,Canada East,North America,3411,3116157,3,44.69903945922851,-63.60765838623047,1749500487,90
YHZ,Halifax Transit,Halifax,Canada,Canada East,North America,4018,3115216,26,44.64836883544922,-63.621368408203125,1749500506,211
YHZ,Halifax Transit,Halifax,Canada,Canada East,North America,3311,3124520,9A,44.5890007019043,-63.59349060058594,1749500653,90
YHZ,Halifax Transit,Halifax,Canada,Canada East,North America,3395,3123119,84,44.75447082519531,-63.66304016113281,1749500895,211
YHZ,Halifax Transit,Halifax,Canada,Canada East,North America,3407,3117611,4,44.63677978515625,-63.589820861816406,1749500898,60
YHZ,Halifax Transit,Halifax,Canada,Canada East,North America,3381,3116158,3,44.69203186035156,-63.58082962036133,1749500954,90
YHZ,Halifax Transit,Halifax,Canada,Canada East,North America,2526,3116852,320,44.67010116577149,-63.57403945922851,1749501047,91
YHZ,Halifax Transit,Halifax,Canada,Canada East,North America,3407,3117611,4,44.63679122924805,-63.589820861816406,1749501048,150
YHZ,Halifax Transit,Halifax,Canada,Canada East,North America,3261,3115409,28,44.660919189453125,-63.66284942626953,1749501071,90
YHZ,Halifax Transit,Halifax,Canada,Canada East,North America,3270,3120515,67,44.69905853271485,-63.60763931274414,1749502230,664
YHZ,Halifax Transit,Halifax,Canada,Canada East,North America,3332,3114129,2,44.6605110168457,-63.663429260253906,1749502246,91
YHZ,Halifax Transit,Halifax,Canada,Canada East,North America,3376,3116396,30A,44.66059112548828,-63.66326904296875,1749502274,73
YHZ,Halifax Transit,Halifax,Canada,Canada East,North America,3376,3116396,30A,44.66059112548828,-63.66326141357422,1749502636,90
YHZ,Halifax Transit,Halifax,Canada,Canada East,North America,3273,3123122,84,44.69845962524414,-63.60710906982422,1749502739,90
YHZ,Halifax Transit,Halifax,Canada,Canada East,North America,3268,3117532,4,44.66086959838867,-63.6627197265625,1749502793,181
YHZ,Halifax Transit,Halifax,Canada,Canada East,North America,3264,3122669,8,44.77138900756836,-63.69660186767578,1749502987,90
YHZ,Halifax Transit,Halifax,Canada,Canada East,North America,3409,3124791,9B,44.65037155151367,-63.57569122314453,1749503402,482
YHZ,Halifax Transit,Halifax,Canada,Canada East,North America,3229,3124524,9A,44.58903121948242,-63.59347915649414,1749503464,59
YHZ,Halifax Transit,Halifax,Canada,Canada East,North America,3405,3122230,7B,44.67158889770508,-63.612300872802734,1749503490,211
YHZ,Halifax Transit,Halifax,Canada,Canada East,North America,3298,3120179,64,44.69892883300781,-63.60757064819336,1749503495,211
YHZ,Halifax Transit,Halifax,Canada,Canada East,North America,3263,3123123,84,44.650970458984375,-63.57564163208008,1749503516,90
YHZ,Halifax Transit,Halifax,Canada,Canada East,North America,3246,3113692,186,44.76805114746094,-63.69847869873047,1749503721,211
YHZ,Halifax Transit,Halifax,Canada,Canada East,North America,3404,3116100,3,44.66093826293945,-63.662559509277344,1749503725,181
YHZ,Halifax Transit,Halifax,Canada,Canada East,North America,3242,3119018,55,44.67028045654297,-63.574249267578125,1749503732,241
YHZ,Halifax Transit,Halifax,Canada,Canada East,North America,3293,3113519,168A,44.678199768066406,-63.48727035522461,1749503801,453
YHZ,Halifax Transit,Halifax,Canada,Canada East,North America,3404,3116100,3,44.66067886352539,-63.663330078125,1749503965,90
YHZ,Halifax Transit,Halifax,Canada,Canada East,North America,3410,3124528,9A,44.64813995361328,-63.620819091796875,1749503982,121
YHZ,Halifax Transit,Halifax,Canada,Canada East,North America,3308,3118160,5,44.65127182006836,-63.57638931274414,1749503984,332
YHZ,Halifax Transit,Halifax,Canada,Canada East,North America,3301,3116106,3,44.69878005981445,-63.60744094848633,1749504223,90
YHZ,Halifax Transit,Halifax,Canada,Canada East,North America,3243,3118852,54,44.70500183105469,-63.541168212890625,1749504787,89
YHZ,Halifax Transit,Halifax,Canada,Canada East,North America,3260,3122232,7B,44.67158126831055,-63.61231994628906,1749505277,89
YHZ,Halifax Transit,Halifax,Canada,Canada East,North America,3336,3120078,63,44.67074966430664,-63.53839874267578,1749505456,90
YHZ,Halifax Transit,Halifax,Canada,Canada East,North America,3410,3124528,9A,44.58906173706055,-63.59346008300781,1749505577,211
YHZ,Halifax Transit,Halifax,Canada,Canada East,North America,2533,3116854,320,44.80276107788086,-63.597511291503906,1749505674,89
YHZ,Halifax Transit,Halifax,Canada,Canada East,North America,3263,3123123,84,44.76791000366211,-63.698978424072266,1749506592,241
YHZ,Halifax Transit,Halifax,Canada,Canada East,North America,3280,3120184,64,44.68423843383789,-63.589088439941406,1749507918,543
YHZ,Halifax Transit,Halifax,Canada,Canada East,North America,3250,3121833,7A,44.6716194152832,-63.61225128173828,1749507991,91
YHZ,Halifax Transit,Halifax,Canada,Canada East,North America,3363,3121376,72,44.66975021362305,-63.5054817199707,1749507997,91
YHZ,Halifax Transit,Halifax,Canada,Canada East,North America,3107,3119296,56,44.67087173461914,-63.57543182373047,1749508184,332
YHZ,Halifax Transit,Halifax,Canada,Canada East,North America,3409,3122634,8,44.76805877685547,-63.698360443115234,1749508336,572
YHZ,Halifax Transit,Halifax,Canada,Canada East,North America,3243,3119001,55,44.685340881347656,-63.560829162597656,1749508338,59
YHZ,Halifax Transit,Halifax,Canada,Canada East,North America,3245,3117716,433,44.661251068115234,-63.6627197265625,1749508341,59
YHZ,Halifax Transit,Halifax,Canada,Canada East,North America,3239,3124048,90,44.64936065673828,-63.573211669921875,1749508475,91
YHZ,Halifax Transit,Halifax,Canada,Canada East,North America,3412,3114399,21,44.66106033325195,-63.66233825683594,1749508476,753
YHZ,Halifax Transit,Halifax,Canada,Canada East,North America,3263,3123157,84,44.6510009765625,-63.576171875,1749509488,90
YHZ,Halifax Transit,Halifax,Canada,Canada East,North America,3402,3119297,56,44.6708984375,-63.57543182373047,1749510090,91
YHZ,Halifax Transit,Halifax,Canada,Canada East,North America,3337,3119263,56,44.67103958129883,-63.57484817504883,1749510156,211
YHZ,Halifax Transit,Halifax,Canada,Canada East,North America,3107,3119299,56,44.698760986328125,-63.607421875,1749510295,59
YHZ,Halifax Transit,Halifax,Canada,Canada East,North America,3280,3120184,64,44.6852912902832,-63.560909271240234,1749510662,482
YHZ,Halifax Transit,Halifax,Canada,Canada East,North America,3277,3114400,21,44.660789489746094,-63.66352081298828,1749510679,181
YHZ,Halifax Transit,Halifax,Canada,Canada East,North America,3243,3119021,55,44.670440673828125,-63.573829650878906,1749510745,91
YHZ,Halifax Transit,Halifax,Canada,Canada East,North America,3337,3119263,56,44.67103958129883,-63.574859619140625,1749510760,90
YHZ,Halifax Transit,Halifax,Canada,Canada East,North America,3404,3114684,22,44.62969970703125,-63.6688117980957,1749510803,512
YHZ,Halifax Transit,Halifax,Canada,Canada East,North America,3321,3117542,4,44.661041259765625,-63.662330627441406,1749510833,89
YHZ,Halifax Transit,Halifax,Canada,Canada East,North America,3250,3121837,7A,44.67155838012695,-63.61214065551758,1749510886,453
YHZ,Halifax Transit,Halifax,Canada,Canada East,North America,3256,3122621,8,44.76782989501953,-63.69919967651367,1749511084,181
YHZ,Halifax Transit,Halifax,Canada,Canada East,North America,3243,3119021,55,44.67047119140625,-63.57381820678711,1749511136,89
YHZ,Halifax Transit,Halifax,Canada,Canada East,North America,3283,3123323,85,44.76784896850586,-63.69947814941406,1749511333,392
YHZ,Halifax Transit,Halifax,Canada,Canada East,North America,3389,3116436,30A,44.66122055053711,-63.6627082824707,1749511337,120
YHZ,Halifax Transit,Halifax,Canada,Canada East,North America,3389,3116436,30A,44.66122055053711,-63.6627197265625,1749511698,121
YHZ,Halifax Transit,Halifax,Canada,Canada East,North America,3222,3120219,64,44.68421936035156,-63.58934020996094,1749511702,60
YHZ,Halifax Transit,Halifax,Canada,Canada East,North America,3381,3117543,4,44.66080856323242,-63.66353988647461,1749512026,90
YHZ,Halifax Transit,Halifax,Canada,Canada East,North America,3412,3115160,25,44.63026809692383,-63.669288635253906,1749512478,602
YHZ,Halifax Transit,Halifax,Canada,Canada East,North America,3283,3123691,87,44.754451751708984,-63.66307067871094,1749512509,60
YHZ,Halifax Transit,Halifax,Canada,Canada East,North America,3405,3122241,7B,44.67156982421875,-63.612308502197266,1749512574,241
YHZ,Halifax Transit,Halifax,Canada,Canada East,North America,3363,3120520,67,44.69906997680664,-63.60765838623047,1749513004,90
YHZ,Halifax Transit,Halifax,Canada,Canada East,North America,3404,3124535,9A,44.64950942993164,-63.57529830932617,1749513363,90
YHZ,Halifax Transit,Halifax,Canada,Canada East,North America,3389,3117624,4,44.636619567871094,-63.58972930908203,1749513652,59
YHZ,Halifax Transit,Halifax,Canada,Canada East,North America,3268,3123126,84,44.64934921264648,-63.58293151855469,1749513710,91
YHZ,Halifax Transit,Halifax,Canada,Canada East,North America,3412,3115160,25,44.648380279541016,-63.62142181396485,1749513862,271
YHZ,Halifax Transit,Halifax,Canada,Canada East,North America,3389,3117624,4,44.636619567871094,-63.5897216796875,1749513863,180
YHZ,Halifax Transit,Halifax,Canada,Canada East,North America,3389,3117624,4,44.63676071166992,-63.58975982666016,1749514224,543
YHZ,Halifax Transit,Halifax,Canada,Canada East,North America,3252,3119265,56,44.68571853637695,-63.561241149902344,1749514240,90
YHZ,Halifax Transit,Halifax,Canada,Canada East,North America,3313,3122243,7B,44.671600341796875,-63.612281799316406,1749514289,60
YHZ,Halifax Transit,Halifax,Canada,Canada East,North America,3222,3118678,53,44.67082977294922,-63.57521057128906,1749514296,91
YHZ,Halifax Transit,Halifax,Canada,Canada East,North America,3341,3114686,22,44.62971115112305,-63.668800354003906,1749514388,121
YHZ,Halifax Transit,Halifax,Canada,Canada East,North America,3326,3123807,88,44.76792907714844,-63.69890975952149,1749514972,60
YHZ,Halifax Transit,Halifax,Canada,Canada East,North America,3250,3121841,7A,44.67161178588867,-63.61214065551758,1749515047,90
YHZ,Halifax Transit,Halifax,Canada,Canada East,North America,3326,3123807,88,44.767940521240234,-63.69890975952149,1749515092,483
YHZ,Halifax Transit,Halifax,Canada,Canada East,North America,3402,3123454,86,44.767948150634766,-63.69824981689453,1749515233,721
YHZ,Halifax Transit,Halifax,Canada,Canada East,North America,3326,3123807,88,44.767940521240234,-63.69889831542969,1749515273,181
YHZ,Halifax Transit,Halifax,Canada,Canada East,North America,3411,3120646,68,44.669769287109375,-63.50556182861328,1749515719,331
YHZ,Halifax Transit,Halifax,Canada,Canada East,North America,3236,3123823,88,44.76803970336914,-63.69850158691406,1749515786,241
YHZ,Halifax Transit,Halifax,Canada,Canada East,North America,3243,3123660,87,44.76803970336914,-63.69842147827149,1749515801,541
YHZ,Halifax Transit,Halifax,Canada,Canada East,North America,3192,3118171,5,44.65103912353515,-63.57617950439453,1749516194,120
YHZ,Halifax Transit,Halifax,Canada,Canada East,North America,3334,3121842,7A,44.67169189453125,-63.61225891113281,1749516263,120
YHZ,Halifax Transit,Halifax,Canada,Canada East,North America,3386,3120058,63,44.6696891784668,-63.50543975830078,1749516632,89
YHZ,Halifax Transit,Halifax,Canada,Canada East,North America,2761,3112410,1,44.67073822021485,-63.57448959350586,1749516638,89
YHZ,Halifax Transit,Halifax,Canada,Canada East,North America,3124,3113168,10C,44.68437957763672,-63.53158950805664,1749517053,89
YHZ,Halifax Transit,Halifax,Canada,Canada East,North America,3326,3123807,88,44.749080657958984,-63.64738082885742,1749517143,453
YHZ,Halifax Transit,Halifax,Canada,Canada East,North America,3326,3123807,88,44.749080657958984,-63.647369384765625,1749517716,61
YHZ,Halifax Transit,Halifax,Canada,Canada East,North America,3239,3116175,3,44.69860076904297,-63.60736846923828,1749517732,151
YHZ,Halifax Transit,Halifax,Canada,Canada East,North America,3405,3122247,7B,44.67155075073242,-63.61233139038086,1749517866,120
YHZ,Halifax Transit,Halifax,Canada,Canada East,North America,3239,3116175,3,44.6986083984375,-63.60736846923828,1749517943,181
YHZ,Halifax Transit,Halifax,Canada,Canada East,North America,3402,3122806,82,44.76771926879883,-63.698951721191406,1749518390,361
YHZ,Halifax Transit,Halifax,Canada,Canada East,North America,3326,3123824,88,44.76815032958984,-63.698089599609375,1749518923,60
YHZ,Halifax Transit,Halifax,Canada,Canada East,North America,3411,3120664,68,44.66978073120117,-63.505638122558594,1749518939,482
YHZ,Halifax Transit,Halifax,Canada,Canada East,North America,3359,3116177,3,44.67068862915039,-63.574989318847656,1749519814,89
YHZ,Halifax Transit,Halifax,Canada,Canada East,North America,3386,3120059,63,44.67005920410156,-63.50558090209961,1749519820,89
YHZ,Halifax Transit,Halifax,Canada,Canada East,North America,3289,3114726,22,44.64788055419922,-63.62046813964844,1749519825,90
YHZ,Halifax Transit,Halifax,Canada,Canada East,North America,3349,3122626,8,44.76803970336914,-63.69847106933594,1749519826,212
YHZ,Halifax Transit,Halifax,Canada,Canada East,North America,3388,3121380,72,44.67000961303711,-63.50569152832031,1749519836,120
YHZ,Halifax Transit,Halifax,Canada,Canada East,North America,3158,3117181,39,44.660648345947266,-63.66328048706055,1749519987,150
YHZ,Halifax Transit,Halifax,Canada,Canada East,North America,3388,3121380,72,44.67007064819336,-63.50590133666992,1749520136,120
YHZ,Halifax Transit,Halifax,Canada,Canada East,North America,3239,3119303,56,44.6710090637207,-63.574798583984375,1749520175,513
YHZ,Halifax Transit,Halifax,Canada,Canada East,North America,3321,3117551,4,44.63671875,-63.5897216796875,1749520212,120
YHZ,Halifax Transit,Halifax,Canada,Canada East,North America,2734,3114144,2,44.6609992980957,-63.66238021850586,1749521098,543
YHZ,Halifax Transit,Halifax,Canada,Canada East,North America,3411,3120647,68,44.703521728515625,-63.4711799621582,1749521107,59
YHZ,Halifax Transit,Halifax,Canada,Canada East,North America,3405,3115724,29,44.65510177612305,-63.6279411315918,1749521112,151
YHZ,Halifax Transit,Halifax,Canada,Canada East,North America,3387,3118680,53,44.66495895385742,-63.569339752197266,1749521113,60
YHZ,Halifax Transit,Halifax,Canada,Canada East,North America,3367,3116441,30A,44.66080856323242,-63.663551330566406,1749521117,91
YHZ,Halifax Transit,Halifax,Canada,Canada East,North America,3109,3116664,30B,44.66101837158203,-63.66315841674805,1749521142,513
YHZ,Halifax Transit,Halifax,Canada,Canada East,North America,3252,3119920,62,44.67076110839844,-63.538421630859375,1749522080,90
YHZ,Halifax Transit,Halifax,Canada,Canada East,North America,3321,3117551,4,44.66104888916016,-63.66233825683594,1749522233,90
YHZ,Halifax Transit,Halifax,Canada,Canada East,North America,3239,3118423,51A,44.67015838623047,-63.57355117797851,1749522889,60
YHZ,Halifax Transit,Halifax,Canada,Canada East,North America,3280,3124540,9A,44.589019775390625,-63.59349822998047,1749523117,90
YHZ,Halifax Transit,Halifax,Canada,Canada East,North America,3386,3120648,68,44.66978073120117,-63.50564956665039,1749523161,120
YHZ,Halifax Transit,Halifax,Canada,Canada East,North America,3359,3116177,3,44.69871139526367,-63.60517883300781,1749523223,392
YHZ,Halifax Transit,Halifax,Canada,Canada East,North America,3239,3119270,56,44.68574142456055,-63.56127166748047,1749523431,120
YHZ,Halifax Transit,Halifax,Canada,Canada East,North America,2730,3122630,8,44.65702819824219,-63.59732818603515,1749523437,513
YHZ,Halifax Transit,Halifax,Canada,Canada East,North America,3280,3124540,9A,44.589019775390625,-63.59352111816406,1749523448,120
YHZ,Halifax Transit,Halifax,Canada,Canada East,North America,3295,3118681,53,44.69715881347656,-63.603328704833984,1749523451,2521
YHZ,Halifax Transit,Halifax,Canada,Canada East,North America,3289,3115419,28,44.661041259765625,-63.66241836547851,1749523504,241
YHZ,Halifax Transit,Halifax,Canada,Canada East,North America,3169,3121351,72,44.70458984375,-63.5643310546875,1749523565,241
YHZ,Halifax Transit,Halifax,Canada,Canada East,North America,3109,3116180,3,44.648460388183594,-63.621280670166016,1749523795,60
YHZ,Halifax Transit,Halifax,Canada,Canada East,North America,3410,3124771,9B,44.57057189941406,-63.56890106201172,1749523988,210
YHZ,Halifax Transit,Halifax,Canada,Canada East,North America,2750,3112526,1,44.64812850952149,-63.620849609375,1749524151,302
YHZ,Halifax Transit,Halifax,Canada,Canada East,North America,3203,3119305,56,44.670921325683594,-63.57537841796875,1749524168,59
YHZ,Halifax Transit,Halifax,Canada,Canada East,North America,3270,3117552,4,44.66107177734375,-63.662330627441406,1749524184,483
YHZ,Halifax Transit,Halifax,Canada,Canada East,North America,3252,3123663,87,44.67081832885742,-63.57522964477539,1749524191,89
YHZ,Halifax Transit,Halifax,Canada,Canada East,North America,3270,3117552,4,44.66107940673828,-63.662330627441406,1749524515,151
YHZ,Halifax Transit,Halifax,Canada,Canada East,North America,3405,3113174,10C,44.6367301940918,-63.58980178833008,1749524571,151
YHZ,Halifax Transit,Halifax,Canada,Canada East,North America,3165,3124052,90,44.72288131713867,-63.69765090942383,1749524788,59
YHZ,Halifax Transit,Halifax,Canada,Canada East,North America,3188,3122253,7B,44.6716194152832,-63.61233901977539,1749524801,120
YHZ,Halifax Transit,Halifax,Canada,Canada East,North America,3109,3116180,3,44.670711517333984,-63.575050354003906,1749524820,60
YHZ,Halifax Transit,Halifax,Canada,Canada East,North America,3188,3122253,7B,44.671600341796875,-63.61235809326172,1749525073,181
YHZ,Halifax Transit,Halifax,Canada,Canada East,North America,3334,3121851,7A,44.67169952392578,-63.61227035522461,1749525249,90
YHZ,Halifax Transit,Halifax,Canada,Canada East,North America,3287,3122681,8,44.703609466552734,-63.6679801940918,1749525251,2383
YHZ,Halifax Transit,Halifax,Canada,Canada East,North America,3289,3117632,4,44.633941650390625,-63.58037185668945,1749525254,965
YHZ,Halifax Transit,Halifax,Canada,Canada East,North America,3280,3122632,8,44.64992904663086,-63.57558059692383,1749525680,60
YHZ,Halifax Transit,Halifax,Canada,Canada East,North America,3107,3119587,59,44.66973876953125,-63.50555038452149,1749525690,90
YHZ,Halifax Transit,Halifax,Canada,Canada East,North America,3367,3116120,3,44.67036056518555,-63.57389068603515,1749525972,90
YHZ,Halifax Transit,Halifax,Canada,Canada East,North America,3404,3124542,9A,44.58903884887695,-63.59347152709961,1749526555,603
YHZ,Halifax Transit,Halifax,Canada,Canada East,North America,3353,3121162,6C,44.6710090637207,-63.57477188110352,1749526557,317
YHZ,Halifax Transit,Halifax,Canada,Canada East,North America,3337,3117553,4,44.660648345947266,-63.66313171386719,1749526563,120
YHZ,Halifax Transit,Halifax,Canada,Canada East,North America,3410,3122633,8,44.650028228759766,-63.57550811767578,1749526577,361
YHZ,Halifax Transit,Halifax,Canada,Canada East,North America,3353,3121162,6C,44.617130279541016,-63.46372985839844,1749528397,59
YHZ,Halifax Transit,Halifax,Canada,Canada East,North America,3410,3122633,8,44.647918701171875,-63.59064102172851,1749528414,61
YHZ,Halifax Transit,Halifax,Canada,Canada East,North America,3367,3124814,ecrl,44.629730224609375,-63.66886138916016,1749528415,212
YHZ,Halifax Transit,Halifax,Canada,Canada East,North America,3280,3122632,8,44.73271179199219,-63.65610885620117,1749528666,121
YHZ,Halifax Transit,Halifax,Canada,Canada East,North America,3410,3122633,8,44.75447845458984,-63.66304016113281,1749530943,90
YHZ,Halifax Transit,Halifax,Canada,Canada East,North America,3134,3113126,10C,44.680511474609375,-63.53664016723633,1749542748,150
YHZ,Halifax Transit,Halifax,Canada,Canada East,North America,2747,3122584,8,44.73265075683594,-63.6561393737793,1749542798,150
YHZ,Halifax Transit,Halifax,Canada,Canada East,North America,3346,3120723,6A,44.69306945800781,-63.5860710144043,1749542872,90
YHZ,Halifax Transit,Halifax,Canada,Canada East,North America,2528,3116834,320,44.88584899902344,-63.515628814697266,1749544548,60
YHZ,Halifax Transit,Halifax,Canada,Canada East,North America,3397,3119567,59,44.66962814331055,-63.505489349365234,1749544561,90
YHZ,Halifax Transit,Halifax,Canada,Canada East,North America,2528,3116834,320,44.885841369628906,-63.515628814697266,1749544728,89
YHZ,Halifax Transit,Halifax,Canada,Canada East,North America,2747,3122584,8,44.76784133911133,-63.699249267578125,1749544729,90
YHZ,Halifax Transit,Halifax,Canada,Canada East,North America,3324,3114378,21,44.660621643066406,-63.66324996948242,1749546148,91
YHZ,Halifax Transit,Halifax,Canada,Canada East,North America,3343,3115726,29,44.62583923339844,-63.57434844970703,1749546472,60
YHZ,Halifax Transit,Halifax,Canada,Canada East,North America,3264,3114086,2,44.66086959838867,-63.66276168823242,1749546725,211
YHZ,Halifax Transit,Halifax,Canada,Canada East,North America,4007,3113372,137,44.65763092041016,-63.66936874389648,1749546746,604
YHZ,Halifax Transit,Halifax,Canada,Canada East,North America,3406,3116062,3,44.69853973388672,-63.60736083984375,1749546762,60
YHZ,Halifax Transit,Halifax,Canada,Canada East,North America,3372,3113341,136,44.67369079589844,-63.66379928588867,1749547995,452
YHZ,Halifax Transit,Halifax,Canada,Canada East,North America,3396,3118649,53,44.664791107177734,-63.56929016113281,1749548000,151
YHZ,Halifax Transit,Halifax,Canada,Canada East,North America,3402,3120185,64,44.70341110229492,-63.57535171508789,1749548000,91
YHZ,Halifax Transit,Halifax,Canada,Canada East,North America,3387,3118453,51B,44.67089080810547,-63.57542037963867,1749548000,121
YHZ,Halifax Transit,Halifax,Canada,Canada East,North America,4006,3113594,182,44.768070220947266,-63.698089599609375,1749548002,90
YHZ,Halifax Transit,Halifax,Canada,Canada East,North America,3236,3113311,135,44.67036819458008,-63.6413688659668,1749548415,60
YHZ,Halifax Transit,Halifax,Canada,Canada East,North America,3329,3120948,6B,44.60708999633789,-63.469600677490234,1749548420,60
YHZ,Halifax Transit,Halifax,Canada,Canada East,North America,3376,3113243,123,44.64731979370117,-63.59056854248047,1749548427,59
YHZ,Halifax Transit,Halifax,Canada,Canada East,North America,3385,3122185,7B,44.671531677246094,-63.61233139038086,1749548658,150
YHZ,Halifax Transit,Halifax,Canada,Canada East,North America,3220,3122934,83,44.76800155639648,-63.6982307434082,1749548851,60
YHZ,Halifax Transit,Halifax,Canada,Canada East,North America,3264,3115420,28,44.647918701171875,-63.620330810546875,1749549138,90
YHZ,Halifax Transit,Halifax,Canada,Canada East,North America,3109,3113745,196,44.73794937133789,-63.65182876586914,1749549188,121
YHZ,Halifax Transit,Halifax,Canada,Canada East,North America,3350,3116951,370,44.73501968383789,-63.28657150268555,1749549207,301
YHZ,Halifax Transit,Halifax,Canada,Canada East,North America,3292,3115678,29,44.62582015991211,-63.57435989379883,1749549248,90
YHZ,Halifax Transit,Halifax,Canada,Canada East,North America,3212,3113342,136,44.67766189575195,-63.66215133666992,1749549251,151
YHZ,Halifax Transit,Halifax,Canada,Canada East,North America,3320,3118835,54,44.70500183105469,-63.541168212890625,1749549332,59
YHZ,Halifax Transit,Halifax,Canada,Canada East,North America,3264,3113282,127,44.629398345947266,-63.62446975708008,1749549862,61
YHZ,Halifax Transit,Halifax,Canada,Canada East,North America,3363,3116061,3,44.66057968139648,-63.66326904296875,1749549933,242
YHZ,Halifax Transit,Halifax,Canada,Canada East,North America,3343,3114154,2,44.6609001159668,-63.66265106201172,1749549940,60
YHZ,Halifax Transit,Halifax,Canada,Canada East,North America,3338,3117154,39,44.66080856323242,-63.663551330566406,1749549953,91
YHZ,Halifax Transit,Halifax,Canada,Canada East,North America,3379,3117690,415,44.647701263427734,-63.62036895751953,1749549958,181
YHZ,Halifax Transit,Halifax,Canada,Canada East,North America,3136,3115140,25,44.648380279541016,-63.62141036987305,1749549961,151
YHZ,Halifax Transit,Halifax,Canada,Canada East,North America,3194,3113523,168A,44.69149017333984,-63.48487854003906,1749550148,59
YHZ,Halifax Transit,Halifax,Canada,Canada East,North America,3343,3114154,2,44.660888671875,-63.66265106201172,1749550151,60
YHZ,Halifax Transit,Halifax,Canada,Canada East,North America,3389,3115682,29,44.648380279541016,-63.62131118774414,1749550204,59
YHZ,Halifax Transit,Halifax,Canada,Canada East,North America,3363,3116061,3,44.66057968139648,-63.66328048706055,1749550204,151
YHZ,Halifax Transit,Halifax,Canada,Canada East,North America,3301,3119273,56,44.69879150390625,-63.60747146606445,1749550209,151
YHZ,Halifax Transit,Halifax,Canada,Canada East,North America,2728,3122587,8,44.76784133911133,-63.69953155517578,1749550216,59
YHZ,Halifax Transit,Halifax,Canada,Canada East,North America,2539,3116921,330,44.703800201416016,-63.85792922973633,1749550224,121
YHZ,Halifax Transit,Halifax,Canada,Canada East,North America,3158,3112864,10B,44.68532180786133,-63.56093978881836,1749550347,362
YHZ,Halifax Transit,Halifax,Canada,Canada East,North America,3388,3120327,65,44.67033004760742,-63.50577163696289,1749550877,181
YHZ,Halifax Transit,Halifax,Canada,Canada East,North America,3294,3120754,6A,44.64904022216797,-63.54819107055664,1749550880,211
YHZ,Halifax Transit,Halifax,Canada,Canada East,North America,3201,3114659,22,44.648338317871094,-63.62139892578125,1749550974,121
YHZ,Halifax Transit,Halifax,Canada,Canada East,North America,2738,3124553,9A,44.5890007019043,-63.593528747558594,1749551019,91
YHZ,Halifax Transit,Halifax,Canada,Canada East,North America,2726,3116064,3,44.64813995361328,-63.620941162109375,1749551022,59
YHZ,Halifax Transit,Halifax,Canada,Canada East,North America,3273,3123792,88,44.76789855957031,-63.69895935058594,1749551023,90
YHZ,Halifax Transit,Halifax,Canada,Canada East,North America,3391,3124297,93,44.75447082519531,-63.66304016113281,1749551030,150
YHZ,Halifax Transit,Halifax,Canada,Canada East,North America,3384,3118836,54,44.70500183105469,-63.541160583496094,1749551032,150
YHZ,Halifax Transit,Halifax,Canada,Canada East,North America,3153,3123442,86,44.768009185791016,-63.69852828979492,1749551067,151
YHZ,Halifax Transit,Halifax,Canada,Canada East,North America,4004,3113314,135,44.67306137084961,-63.64448165893555,1749551349,120
YHZ,Halifax Transit,Halifax,Canada,Canada East,North America,3135,3113398,138,44.67765045166016,-63.66368865966797,1749551350,60
YHZ,Halifax Transit,Halifax,Canada,Canada East,North America,4022,3115141,25,44.64801025390625,-63.620460510253906,1749551353,301
YHZ,Halifax Transit,Halifax,Canada,Canada East,North America,3120,3113284,127,44.62717056274414,-63.62532043457031,1749551357,271
YHZ,Halifax Transit,Halifax,Canada,Canada East,North America,3380,3124748,9B,44.65039825439453,-63.575740814208984,1749551358,242
YHZ,Halifax Transit,Halifax,Canada,Canada East,North America,3361,3124777,9B,44.64822006225586,-63.62105178833008,1749551361,120
YHZ,Halifax Transit,Halifax,Canada,Canada East,North America,2725,3124056,90,44.72306060791016,-63.69776916503906,1749551363,89
YHZ,Halifax Transit,Halifax,Canada,Canada East,North America,3353,3119572,59,44.66967010498047,-63.50553894042969,1749551364,211
YHZ,Halifax Transit,Halifax,Canada,Canada East,North America,3295,3124551,9A,44.648311614990234,-63.62118911743164,1749551369,181
YHZ,Halifax Transit,Halifax,Canada,Canada East,North America,3116,3112865,10B,44.6852912902832,-63.5609016418457,1749551509,121
YHZ,Halifax Transit,Halifax,Canada,Canada East,North America,3189,3112823,10B,44.68523025512695,-63.56074142456055,1749551580,241
YHZ,Halifax Transit,Halifax,Canada,Canada East,North America,3399,3113135,10C,44.63658142089844,-63.589698791503906,1749551696,121
YHZ,Halifax Transit,Halifax,Canada,Canada East,North America,3392,3123667,87,44.767860412597656,-63.69926834106445,1749551698,302
YHZ,Halifax Transit,Halifax,Canada,Canada East,North America,3295,3124551,9A,44.648399353027344,-63.62141036987305,1749551700,91
YHZ,Halifax Transit,Halifax,Canada,Canada East,North America,3189,3112823,10B,44.68521881103515,-63.56074142456055,1749551701,60
YHZ,Halifax Transit,Halifax,Canada,Canada East,North America,3381,3114951,24,44.59540939331055,-63.636661529541016,1749551755,964
YHZ,Halifax Transit,Halifax,Canada,Canada East,North America,3380,3124748,9B,44.64955139160156,-63.57508087158203,1749552081,120
YHZ,Halifax Transit,Halifax,Canada,Canada East,North America,3372,3115685,29,44.655311584472656,-63.62788009643555,1749552089,392
YHZ,Halifax Transit,Halifax,Canada,Canada East,North America,3144,3122794,82,44.75442886352539,-63.66307067871094,1749552128,212
YHZ,Halifax Transit,Halifax,Canada,Canada East,North America,2529,3116863,320,44.65066909790039,-63.57590103149414,1749552148,181
YHZ,Halifax Transit,Halifax,Canada,Canada East,North America,3269,3112605,10A,44.67103958129883,-63.57490921020508,1749552257,60
YHZ,Halifax Transit,Halifax,Canada,Canada East,North America,3270,3114660,22,44.64836120605469,-63.621368408203125,1749552260,453
YHZ,Halifax Transit,Halifax,Canada,Canada East,North America,3320,3119274,56,44.69853973388672,-63.60731887817383,1749552287,59
YHZ,Halifax Transit,Halifax,Canada,Canada East,North America,2747,3114090,2,44.660640716552734,-63.663360595703125,1749552359,60
YHZ,Halifax Transit,Halifax,Canada,Canada East,North America,3305,3115391,28,44.648311614990234,-63.62120056152344,1749552422,91
YHZ,Halifax Transit,Halifax,Canada,Canada East,North America,3321,3124230,91,44.64812850952149,-63.620880126953125,1749552435,59
YHZ,Halifax Transit,Halifax,Canada,Canada East,North America,3351,3113400,138,44.677608489990234,-63.66365814208984,1749552584,120
YHZ,Halifax Transit,Halifax,Canada,Canada East,North America,3382,3120190,64,44.703468322753906,-63.57537078857422,1749552585,59
YHZ,Halifax Transit,Halifax,Canada,Canada East,North America,3401,3121353,72,44.669639587402344,-63.505428314208984,1749552594,89
YHZ,Halifax Transit,Halifax,Canada,Canada East,North America,3326,3124555,9A,44.5890007019043,-63.59349060058594,1749552594,91
YHZ,Halifax Transit,Halifax,Canada,Canada East,North America,3342,3113421,158,44.66976165771485,-63.50542068481445,1749552595,90
YHZ,Halifax Transit,Halifax,Canada,Canada East,North America,3159,3122936,83,44.768009185791016,-63.69850158691406,1749552596,89
YHZ,Halifax Transit,Halifax,Canada,Canada East,North America,3274,3122793,82,44.76810073852539,-63.69810104370117,1749552597,90
YHZ,Halifax Transit,Halifax,Canada,Canada East,North America,2529,3116863,320,44.65047073364258,-63.57577133178711,1749552600,89
YHZ,Halifax Transit,Halifax,Canada,Canada East,North America,3388,3113501,165,44.670040130615234,-63.50571823120117,1749552624,59
YHZ,Halifax Transit,Halifax,Canada,Canada East,North America,3108,3113285,127,44.627140045166016,-63.625301361083984,1749552646,90
YHZ,Halifax Transit,Halifax,Canada,Canada East,North America,3407,3114092,2,44.65314102172851,-63.64994812011719,1749553715,90
YHZ,Halifax Transit,Halifax,Canada,Canada East,North America,3225,3124830,85,44.767948150634766,-63.698211669921875,1749553720,90
YHZ,Halifax Transit,Halifax,Canada,Canada East,North America,3406,3116132,3,44.66096878051758,-63.66257858276367,1749553726,180
YHZ,Halifax Transit,Halifax,Canada,Canada East,North America,3288,3114095,2,44.649169921875,-63.57252883911133,1749553737,60
YHZ,Halifax Transit,Halifax,Canada,Canada East,North America,3217,3122643,8,44.767799377441406,-63.69939041137695,1749553738,60
YHZ,Halifax Transit,Halifax,Canada,Canada East,North America,3283,3120040,63,44.67076110839844,-63.538429260253906,1749553761,151
YHZ,Halifax Transit,Halifax,Canada,Canada East,North America,3159,3122936,83,44.76802062988281,-63.69850158691406,1749553772,90
YHZ,Halifax Transit,Halifax,Canada,Canada East,North America,3288,3114095,2,44.6491813659668,-63.57252883911133,1749554039,241
YHZ,Halifax Transit,Halifax,Canada,Canada East,North America,3327,3117714,433,44.66114044189453,-63.66236877441406,1749554120,965
YHZ,Halifax Transit,Halifax,Canada,Canada East,North America,3359,3120192,64,44.70341873168945,-63.57529067993164,1749554392,59
YHZ,Halifax Transit,Halifax,Canada,Canada East,North America,3237,3116065,3,44.66056060791016,-63.663211822509766,1749554399,60
YHZ,Halifax Transit,Halifax,Canada,Canada East,North America,3159,3122936,83,44.768028259277344,-63.698490142822266,1749554406,90
YHZ,Halifax Transit,Halifax,Canada,Canada East,North America,3407,3114092,2,44.66080093383789,-63.66286849975586,1749554407,120
YHZ,Halifax Transit,Halifax,Canada,Canada East,North America,3295,3118839,54,44.670509338378906,-63.57392883300781,1749554415,121
YHZ,Halifax Transit,Halifax,Canada,Canada East,North America,3406,3116132,3,44.660850524902344,-63.66358184814453,1749554420,182
YHZ,Halifax Transit,Halifax,Canada,Canada East,North America,2754,3112434,1,44.647830963134766,-63.62044143676758,1749554428,362
YHZ,Halifax Transit,Halifax,Canada,Canada East,North America,3322,3120194,64,44.69905853271485,-63.60765838623047,1749554435,272
YHZ,Halifax Transit,Halifax,Canada,Canada East,North America,3249,3121354,72,44.66975021362305,-63.50542068481445,1749554444,90
YHZ,Halifax Transit,Halifax,Canada,Canada East,North America,3385,3122191,7B,44.67158889770508,-63.61236953735352,1749554450,150
YHZ,Halifax Transit,Halifax,Canada,Canada East,North America,3377,3122589,8,44.767860412597656,-63.6993293762207,1749554467,331
YHZ,Halifax Transit,Halifax,Canada,Canada East,North America,3361,3122592,8,44.650028228759766,-63.57542037963867,1749554467,60
YHZ,Halifax Transit,Halifax,Canada,Canada East,North America,3159,3122936,83,44.768028259277344,-63.69850158691406,1749554496,91
YHZ,Halifax Transit,Halifax,Canada,Canada East,North America,3098,3113524,168A,44.66987991333008,-63.57727813720703,1749554501,59
YHZ,Halifax Transit,Halifax,Canada,Canada East,North America,3346,3120729,6A,44.64899826049805,-63.54816055297851,1749554512,65
YHZ,Halifax Transit,Halifax,Canada,Canada East,North America,3348,3113722,192,44.71078872680664,-63.673221588134766,1749554553,60
YHZ,Halifax Transit,Halifax,Canada,Canada East,North America,3407,3114092,2,44.66088104248047,-63.6627311706543,1749554769,90
YHZ,Halifax Transit,Halifax,Canada,Canada East,North America,3324,3116066,3,44.66062927246094,-63.66318893432617,1749554773,89
YHZ,Halifax Transit,Halifax,Canada,Canada East,North America,3331,3116071,3,44.69878005981445,-63.60749053955078,1749554775,120
YHZ,Halifax Transit,Halifax,Canada,Canada East,North America,3158,3124806,cp1,44.67049026489258,-63.66278839111328,1749554901,482
YHZ,Halifax Transit,Halifax,Canada,Canada East,North America,3385,3122191,7B,44.671600341796875,-63.61235809326172,1749554901,151
YHZ,Halifax Transit,Halifax,Canada,Canada East,North America,3290,3123638,87,44.670291900634766,-63.57352828979492,1749554906,121
YHZ,Halifax Transit,Halifax,Canada,Canada East,North America,3365,3120193,64,44.70344924926758,-63.57530975341797,1749554943,59
YHZ,Halifax Transit,Halifax,Canada,Canada East,North America,3326,3124555,9A,44.648338317871094,-63.621341705322266,1749554947,90
YHZ,Halifax Transit,Halifax,Canada,Canada East,North America,3377,3122589,8,44.76787185668945,-63.69932174682617,1749554949,89
YHZ,Halifax Transit,Halifax,Canada,Canada East,North America,3387,3119275,56,44.69826126098633,-63.56708908081055,1749554957,91
YHZ,Halifax Transit,Halifax,Canada,Canada East,North America,3392,3123667,87,44.67103958129883,-63.57508850097656,1749555130,121
YHZ,Halifax Transit,Halifax,Canada,Canada East,North America,3397,3122795,82,44.754520416259766,-63.66305160522461,1749555521,121
YHZ,Halifax Transit,Halifax,Canada,Canada East,North America,3409,3117157,39,44.660789489746094,-63.66294860839844,1749556176,151
YHZ,Halifax Transit,Halifax,Canada,Canada East,North America,3402,3121355,72,44.66984939575195,-63.50545883178711,1749556198,90
YHZ,Halifax Transit,Halifax,Canada,Canada East,North America,3402,3121355,72,44.66986083984375,-63.505470275878906,1749556469,181
YHZ,Halifax Transit,Halifax,Canada,Canada East,North America,3266,3120161,64,44.69865036010742,-63.60737991333008,1749556484,301
YHZ,Halifax Transit,Halifax,Canada,Canada East,North America,3263,3122193,7B,44.67155075073242,-63.612300872802734,1749556517,89
YHZ,Halifax Transit,Halifax,Canada,Canada East,North America,3394,3123668,87,44.67103958129883,-63.57479095458984,1749556542,181
YHZ,Halifax Transit,Halifax,Canada,Canada East,North America,3229,3113525,168A,44.66965103149414,-63.57680130004883,1749556574,59
YHZ,Halifax Transit,Halifax,Canada,Canada East,North America,3295,3118839,54,44.70499038696289,-63.541160583496094,1749556617,121
YHZ,Halifax Transit,Halifax,Canada,Canada East,North America,3327,3116133,3,44.64841079711914,-63.62126159667969,1749556623,60
YHZ,Halifax Transit,Halifax,Canada,Canada East,North America,3169,3123143,84,44.7541618347168,-63.66299819946289,1749556653,59
YHZ,Halifax Transit,Halifax,Canada,Canada East,North America,3263,3122193,7B,44.67155075073242,-63.612308502197266,1749556668,90
YHZ,Halifax Transit,Halifax,Canada,Canada East,North America,3288,3114095,2,44.66088104248047,-63.66267013549805,1749557206,79
YHZ,Halifax Transit,Halifax,Canada,Canada East,North America,3271,3116072,3,44.70058059692383,-63.60758972167969,1749557352,151
YHZ,Halifax Transit,Halifax,Canada,Canada East,North America,3338,3123810,88,44.76784896850586,-63.699180603027344,1749557372,211
YHZ,Halifax Transit,Halifax,Canada,Canada East,North America,3387,3116073,3,44.69404983520508,-63.5831413269043,1749557519,60
YHZ,Halifax Transit,Halifax,Canada,Canada East,North America,3363,3112585,10A,44.67095947265625,-63.57474899291992,1749557533,60
YHZ,Halifax Transit,Halifax,Canada,Canada East,North America,3409,3116134,3,44.64842987060547,-63.621299743652344,1749557562,59
YHZ,Halifax Transit,Halifax,Canada,Canada East,North America,3384,3120195,64,44.68429183959961,-63.58932876586914,1749557566,330
YHZ,Halifax Transit,Halifax,Canada,Canada East,North America,3398,3124073,90,44.649139404296875,-63.57279968261719,1749557843,60
YHZ,Halifax Transit,Halifax,Canada,Canada East,North America,3134,3124025,90,44.72306060791016,-63.697750091552734,1749557857,60
YHZ,Halifax Transit,Halifax,Canada,Canada East,North America,3290,3123638,87,44.76803970336914,-63.69831085205078,1749558133,90
YHZ,Halifax Transit,Halifax,Canada,Canada East,North America,3283,3120329,65,44.67023849487305,-63.505611419677734,1749558134,59
YHZ,Halifax Transit,Halifax,Canada,Canada East,North America,3260,3114096,2,44.66093063354492,-63.6628303527832,1749558140,91
YHZ,Halifax Transit,Halifax,Canada,Canada East,North America,3136,3115393,28,44.66070938110352,-63.66376876831055,1749558155,90
YHZ,Halifax Transit,Halifax,Canada,Canada East,North America,3402,3118125,5,44.65105056762695,-63.576148986816406,1749558849,633
YHZ,Halifax Transit,Halifax,Canada,Canada East,North America,3389,3123671,87,44.76791000366211,-63.69855880737305,1749558850,302
YHZ,Halifax Transit,Halifax,Canada,Canada East,North America,3363,3120759,6A,44.64894104003906,-63.54800033569336,1749558860,332
YHZ,Halifax Transit,Halifax,Canada,Canada East,North America,3331,3116071,3,44.66075897216797,-63.662899017333984,1749558928,180
YHZ,Halifax Transit,Halifax,Canada,Canada East,North America,3336,3114097,2,44.660980224609375,-63.66244888305664,1749558934,59
YHZ,Halifax Transit,Halifax,Canada,Canada East,North America,3324,3114385,21,44.66067123413086,-63.66310119628906,1749558936,211
YHZ,Halifax Transit,Halifax,Canada,Canada East,North America,3218,3116075,3,44.69852828979492,-63.60728073120117,1749558938,90
YHZ,Halifax Transit,Halifax,Canada,Canada East,North America,3406,3116132,3,44.698429107666016,-63.60725021362305,1749558940,151
YHZ,Halifax Transit,Halifax,Canada,Canada East,North America,3265,3121115,6C,44.670291900634766,-63.57352828979492,1749558998,60
YHZ,Halifax Transit,Halifax,Canada,Canada East,North America,3269,3113186,10C,44.682029724121094,-63.53726959228515,1749559133,59
YHZ,Halifax Transit,Halifax,Canada,Canada East,North America,3384,3120165,64,44.71310043334961,-63.595909118652344,1749559133,60
YHZ,Halifax Transit,Halifax,Canada,Canada East,North America,3293,3122796,82,44.76810836791992,-63.6981201171875,1749559143,60
YHZ,Halifax Transit,Halifax,Canada,Canada East,North America,3265,3121115,6C,44.6702995300293,-63.57352066040039,1749559148,89
YHZ,Halifax Transit,Halifax,Canada,Canada East,North America,3218,3116075,3,44.69852066040039,-63.6072883605957,1749559149,90
YHZ,Halifax Transit,Halifax,Canada,Canada East,North America,3271,3116072,3,44.660980224609375,-63.66244888305664,1749559493,61
YHZ,Halifax Transit,Halifax,Canada,Canada East,North America,3229,3117487,4,44.66065979003906,-63.66307067871094,1749559499,60
YHZ,Halifax Transit,Halifax,Canada,Canada East,North America,3212,3117486,4,44.66080856323242,-63.66349029541016,1749559505,60
YHZ,Halifax Transit,Halifax,Canada,Canada East,North America,3293,3122796,82,44.76811981201172,-63.69810104370117,1749559505,60
YHZ,Halifax Transit,Halifax,Canada,Canada East,North America,3265,3121115,6C,44.67087173461914,-63.57479095458984,1749559510,121
YHZ,Halifax Transit,Halifax,Canada,Canada East,North America,3359,3119241,56,44.69892883300781,-63.60750961303711,1749559518,90
YHZ,Halifax Transit,Halifax,Canada,Canada East,North America,3384,3120165,64,44.68431091308594,-63.58937072753906,1749559765,633
YHZ,Halifax Transit,Halifax,Canada,Canada East,North America,3271,3116072,3,44.66096878051758,-63.66244125366211,1749559825,301
YHZ,Halifax Transit,Halifax,Canada,Canada East,North America,3263,3122197,7B,44.67155838012695,-63.612300872802734,1749559835,90
YHZ,Halifax Transit,Halifax,Canada,Canada East,North America,3283,3120340,65,44.67005157470703,-63.50553894042969,1749560064,90
YHZ,Halifax Transit,Halifax,Canada,Canada East,North America,3264,3123639,87,44.6993408203125,-63.6077995300293,1749560628,59
YHZ,Halifax Transit,Halifax,Canada,Canada East,North America,3384,3120165,64,44.68431091308594,-63.589359283447266,1749560639,120
YHZ,Halifax Transit,Halifax,Canada,Canada East,North America,3346,3120733,6A,44.649288177490234,-63.547908782958984,1749560664,59
YHZ,Halifax Transit,Halifax,Canada,Canada East,North America,3383,3118864,54,44.67033004760742,-63.57355880737305,1749560669,99
YHZ,Halifax Transit,Halifax,Canada,Canada East,North America,3328,3119903,62,44.670799255371094,-63.57518005371094,1749560708,392
YHZ,Halifax Transit,Halifax,Canada,Canada East,North America,3294,3121116,6C,44.670989990234375,-63.57469177246094,1749560773,60
YHZ,Halifax Transit,Halifax,Canada,Canada East,North America,3264,3123639,87,44.6993408203125,-63.607791900634766,1749560779,362
YHZ,Halifax Transit,Halifax,Canada,Canada East,North America,3409,3123446,86,44.76805114746094,-63.69816970825195,1749561145,58
YHZ,Halifax Transit,Halifax,Canada,Canada East,North America,3340,3116673,30B,44.66073989868164,-63.662841796875,1749561149,121
YHZ,Halifax Transit,Halifax,Canada,Canada East,North America,3394,3119010,55,44.68574142456055,-63.56121826171875,1749561153,59
YHZ,Halifax Transit,Halifax,Canada,Canada East,North America,3409,3123446,86,44.76805114746094,-63.69815826416016,1749561387,60
YHZ,Halifax Transit,Halifax,Canada,Canada East,North America,2756,3124498,9A,44.58900833129883,-63.593509674072266,1749561439,181
YHZ,Halifax Transit,Halifax,Canada,Canada East,North America,3409,3123446,86,44.76802062988281,-63.69873809814453,1749561628,59
YHZ,Halifax Transit,Halifax,Canada,Canada East,North America,3183,3114100,2,44.661170959472656,-63.66231155395508,1749561929,59
YHZ,Halifax Transit,Halifax,Canada,Canada East,North America,3321,3124233,91,44.72283172607422,-63.69778060913086,1749561935,60
YHZ,Halifax Transit,Halifax,Canada,Canada East,North America,3169,3115738,29,44.65549850463867,-63.62778091430664,1749561991,59
YHZ,Halifax Transit,Halifax,Canada,Canada East,North America,3384,3118691,53,44.664649963378906,-63.5689697265625,1749562144,211
YHZ,Halifax Transit,Halifax,Canada,Canada East,North America,3293,3122797,82,44.77239990234375,-63.69404983520508,1749562460,60
YHZ,Halifax Transit,Halifax,Canada,Canada East,North America,3131,3117161,39,44.66102981567383,-63.66316986083984,1749562754,120
YHZ,Halifax Transit,Halifax,Canada,Canada East,North America,2744,3112347,1,44.648048400878906,-63.6207389831543,1749562757,91
YHZ,Halifax Transit,Halifax,Canada,Canada East,North America,2736,3118060,5,44.669620513916016,-63.50532913208008,1749562776,61
YHZ,Halifax Transit,Halifax,Canada,Canada East,North America,3324,3116078,3,44.69841003417969,-63.60723876953125,1749562796,59
YHZ,Halifax Transit,Halifax,Canada,Canada East,North America,3407,3124077,90,44.672630310058594,-63.64421844482422,1749562808,60
YHZ,Halifax Transit,Halifax,Canada,Canada East,North America,3283,3112872,10B,44.685081481933594,-63.5607795715332,1749563019,89
YHZ,Halifax Transit,Halifax,Canada,Canada East,North America,3131,3117161,39,44.66102981567383,-63.66318130493164,1749563026,90
YHZ,Halifax Transit,Halifax,Canada,Canada East,North America,3293,3122797,82,44.76810073852539,-63.6981201171875,1749563033,90
YHZ,Halifax Transit,Halifax,Canada,Canada East,North America,3268,3121331,72,44.669960021972656,-63.50545883178711,1749563561,89
YHZ,Halifax Transit,Halifax,Canada,Canada East,North America,3212,3116137,3,44.698848724365234,-63.607460021972656,1749563788,90
YHZ,Halifax Transit,Halifax,Canada,Canada East,North America,3231,3121799,7A,44.67164993286133,-63.61222839355469,1749563801,89
YHZ,Halifax Transit,Halifax,Canada,Canada East,North America,3265,3120483,67,44.68610000610352,-63.5614013671875,1749563853,181
YHZ,Halifax Transit,Halifax,Canada,Canada East,North America,3297,3120956,6B,44.670928955078125,-63.574729919433594,1749564001,60
YHZ,Halifax Transit,Halifax,Canada,Canada East,North America,3265,3120483,67,44.68611145019531,-63.56140899658203,1749564004,332
YHZ,Halifax Transit,Halifax,Canada,Canada East,North America,3338,3118991,55,44.72642135620117,-63.542381286621094,1749564006,61
YHZ,Halifax Transit,Halifax,Canada,Canada East,North America,3260,3117491,4,44.66080856323242,-63.66347885131836,1749564140,120
YHZ,Halifax Transit,Halifax,Canada,Canada East,North America,3260,3117491,4,44.66080856323242,-63.66349029541016,1749564321,120
YHZ,Halifax Transit,Halifax,Canada,Canada East,North America,3328,3123641,87,44.69905853271485,-63.60760116577149,1749564448,362
YHZ,Halifax Transit,Halifax,Canada,Canada East,North America,3407,3124077,90,44.64945983886719,-63.57284164428711,1749564466,211
YHZ,Halifax Transit,Halifax,Canada,Canada East,North America,3346,3121145,6C,44.61711883544922,-63.46369171142578,1749564524,59
YHZ,Halifax Transit,Halifax,Canada,Canada East,North America,3212,3116079,3,44.6939697265625,-63.58306121826172,1749564693,90
YHZ,Halifax Transit,Halifax,Canada,Canada East,North America,3340,3117495,4,44.6367301940918,-63.58975982666016,1749564738,91
YHZ,Halifax Transit,Halifax,Canada,Canada East,North America,3131,3116675,30B,44.66128158569336,-63.662689208984375,1749564774,89
YHZ,Halifax Transit,Halifax,Canada,Canada East,North America,3131,3116675,30B,44.66128158569336,-63.66270065307617,1749564925,754
YHZ,Halifax Transit,Halifax,Canada,Canada East,North America,3328,3123641,87,44.69906997680664,-63.607608795166016,1749564930,89
YHZ,Halifax Transit,Halifax,Canada,Canada East,North America,3134,3114104,2,44.660911560058594,-63.662559509277344,1749565063,392
YHZ,Halifax Transit,Halifax,Canada,Canada East,North America,3384,3123675,87,44.76782989501953,-63.69866180419922,1749565066,482
YHZ,Halifax Transit,Halifax,Canada,Canada East,North America,3394,3123642,87,44.76789855957031,-63.698978424072266,1749565127,361
YHZ,Halifax Transit,Halifax,Canada,Canada East,North America,3268,3121331,72,44.68552017211914,-63.56108093261719,1749565130,90
YHZ,Halifax Transit,Halifax,Canada,Canada East,North America,3336,3117493,4,44.6610107421875,-63.66239929199219,1749565298,120
YHZ,Halifax Transit,Halifax,Canada,Canada East,North America,3295,3118659,53,44.66485977172851,-63.569339752197266,1749565303,59
YHZ,Halifax Transit,Halifax,Canada,Canada East,North America,3407,3124077,90,44.64942932128906,-63.57292938232422,1749565311,60
YHZ,Halifax Transit,Halifax,Canada,Canada East,North America,3336,3117493,4,44.6610107421875,-63.662391662597656,1749565660,59
YHZ,Halifax Transit,Halifax,Canada,Canada East,North America,3377,3122596,8,44.76805114746094,-63.698341369628906,1749565668,271
YHZ,Halifax Transit,Halifax,Canada,Canada East,North America,3384,3123675,87,44.76782989501953,-63.69865036010742,1749565669,603
YHZ,Halifax Transit,Halifax,Canada,Canada East,North America,3407,3124077,90,44.64944076538086,-63.57299041748047,1749565673,90
YHZ,Halifax Transit,Halifax,Canada,Canada East,North America,3402,3118065,5,44.67081069946289,-63.57466125488281,1749565683,89
YHZ,Halifax Transit,Halifax,Canada,Canada East,North America,3218,3116418,30A,44.66048812866211,-63.663421630859375,1749566176,211
YHZ,Halifax Transit,Halifax,Canada,Canada East,North America,3377,3123294,85,44.771209716796875,-63.696651458740234,1749566211,90
YHZ,Halifax Transit,Halifax,Canada,Canada East,North America,3377,3123294,85,44.77119827270508,-63.696651458740234,1749566392,392
YHZ,Halifax Transit,Halifax,Canada,Canada East,North America,3384,3123675,87,44.76784896850586,-63.69926834106445,1749566392,59
YHZ,Halifax Transit,Halifax,Canada,Canada East,North America,3229,3114387,21,44.66093063354492,-63.66284942626953,1749566676,90
YHZ,Halifax Transit,Halifax,Canada,Canada East,North America,3246,3124030,90,44.72309112548828,-63.69778060913086,1749566698,60
YHZ,Halifax Transit,Halifax,Canada,Canada East,North America,3269,3123107,84,44.698429107666016,-63.60721969604492,1749566704,60
YHZ,Halifax Transit,Halifax,Canada,Canada East,North America,3288,3116142,3,44.64554977416992,-63.61528015136719,1749566707,60
YHZ,Halifax Transit,Halifax,Canada,Canada East,North America,3131,3117590,4,44.63663864135742,-63.58975982666016,1749568061,61
YHZ,Halifax Transit,Halifax,Canada,Canada East,North America,3308,3119283,56,44.698829650878906,-63.607479095458984,1749568103,242
YHZ,Halifax Transit,Halifax,Canada,Canada East,North America,3271,3114107,2,44.66127014160156,-63.66270065307617,1749568211,181
YHZ,Halifax Transit,Halifax,Canada,Canada East,North America,3377,3122655,8,44.77132034301758,-63.69662094116211,1749568620,542
YHZ,Halifax Transit,Halifax,Canada,Canada East,North America,3407,3114108,2,44.66088104248047,-63.66265106201172,1749568868,241
YHZ,Halifax Transit,Halifax,Canada,Canada East,North America,3218,3115431,28,44.648399353027344,-63.621360778808594,1749568951,120
YHZ,Halifax Transit,Halifax,Canada,Canada East,North America,3384,3118696,53,44.68423843383789,-63.58940124511719,1749569494,301
YHZ,Halifax Transit,Halifax,Canada,Canada East,North America,3218,3114669,22,44.62969970703125,-63.66886901855469,1749570459,60
YHZ,Halifax Transit,Halifax,Canada,Canada East,North America,3268,3121363,72,44.670021057128906,-63.50566864013672,1749570482,59
YHZ,Halifax Transit,Halifax,Canada,Canada East,North America,3329,3113144,10C,44.68434143066406,-63.531620025634766,1749570587,61
YHZ,Halifax Transit,Halifax,Canada,Canada East,North America,3363,3116085,3,44.69842147827149,-63.60725021362305,1749570622,59
YHZ,Halifax Transit,Halifax,Canada,Canada East,North America,3338,3118867,54,44.6708984375,-63.57538986206055,1749572268,60
YHZ,Halifax Transit,Halifax,Canada,Canada East,North America,3346,3120929,6B,44.671199798583984,-63.573829650878906,1749572275,61
YHZ,Halifax Transit,Halifax,Canada,Canada East,North America,3336,3119424,58,44.67034912109375,-63.538780212402344,1749572294,151
YHZ,Halifax Transit,Halifax,Canada,Canada East,North America,3136,3114112,2,44.660789489746094,-63.66307067871094,1749572346,91
YHZ,Halifax Transit,Halifax,Canada,Canada East,North America,3392,3116146,3,44.67068099975586,-63.575050354003906,1749572403,60
YHZ,Halifax Transit,Halifax,Canada,Canada East,North America,3136,3114112,2,44.66080093383789,-63.66307067871094,1749572436,59
YHZ,Halifax Transit,Halifax,Canada,Canada East,North America,3336,3119424,58,44.67034912109375,-63.53876876831055,1749572475,91
YHZ,Halifax Transit,Halifax,Canada,Canada East,North America,3401,3121365,72,44.68439102172851,-63.589141845703125,1749572506,60
YHZ,Halifax Transit,Halifax,Canada,Canada East,North America,3218,3115402,28,44.648380279541016,-63.62133026123047,1749572510,59
YHZ,Halifax Transit,Halifax,Canada,Canada East,North America,3136,3114112,2,44.660789489746094,-63.66305923461914,1749572708,121
YHZ,Halifax Transit,Halifax,Canada,Canada East,North America,3293,3116083,3,44.66093063354492,-63.66265869140625,1749572895,211
YHZ,Halifax Transit,Halifax,Canada,Canada East,North America,3277,3117501,4,44.660850524902344,-63.66278839111328,1749572923,211
YHZ,Halifax Transit,Halifax,Canada,Canada East,North America,3264,3119284,56,44.671051025390625,-63.57511138916016,1749572933,59
YHZ,Halifax Transit,Halifax,Canada,Canada East,North America,3384,3120202,64,44.698760986328125,-63.60749053955078,1749573382,181
YHZ,Halifax Transit,Halifax,Canada,Canada East,North America,3397,3116084,3,44.66123962402344,-63.66270065307617,1749574182,60
YHZ,Halifax Transit,Halifax,Canada,Canada East,North America,3328,3121120,6C,44.67026901245117,-63.57350158691406,1749574281,211
YHZ,Halifax Transit,Halifax,Canada,Canada East,North America,3246,3114114,2,44.66093063354492,-63.66257095336914,1749574297,90
YHZ,Halifax Transit,Halifax,Canada,Canada East,North America,3392,3116146,3,44.69839096069336,-63.60726165771485,1749574301,90
YHZ,Halifax Transit,Halifax,Canada,Canada East,North America,3329,3113193,10C,44.636688232421875,-63.589820861816406,1749574341,151
YHZ,Halifax Transit,Halifax,Canada,Canada East,North America,3318,3114671,22,44.62968063354492,-63.66883087158203,1749574442,151
YHZ,Halifax Transit,Halifax,Canada,Canada East,North America,3212,3114115,2,44.66115951538086,-63.66236877441406,1749575189,59
YHZ,Halifax Transit,Halifax,Canada,Canada East,North America,3402,3118143,5,44.651031494140625,-63.57619094848633,1749575617,120
YHZ,Halifax Transit,Halifax,Canada,Canada East,North America,3363,3116085,3,44.660911560058594,-63.662879943847656,1749575628,91
YHZ,Halifax Transit,Halifax,Canada,Canada East,North America,3407,3124035,90,44.72320938110352,-63.697959899902344,1749575637,60
YHZ,Halifax Transit,Halifax,Canada,Canada East,North America,3359,3123647,87,44.69881057739258,-63.60747146606445,1749575663,90
YHZ,Halifax Transit,Halifax,Canada,Canada East,North America,3384,3120202,64,44.68434143066406,-63.58940124511719,1749575731,240
YHZ,Halifax Transit,Halifax,Canada,Canada East,North America,2735,3114116,2,44.66128158569336,-63.662689208984375,1749575825,362
YHZ,Halifax Transit,Halifax,Canada,Canada East,North America,3277,3117138,39,44.67097854614258,-63.574920654296875,1749575879,90
YHZ,Halifax Transit,Halifax,Canada,Canada East,North America,3409,3122604,8,44.767879486083984,-63.69902038574219,1749576017,89
YHZ,Halifax Transit,Halifax,Canada,Canada East,North America,3326,3122605,8,44.768028259277344,-63.69850158691406,1749576535,116
YHZ,Halifax Transit,Halifax,Canada,Canada East,North America,3269,3123648,87,44.76808166503906,-63.69832992553711,1749576535,151
YHZ,Halifax Transit,Halifax,Canada,Canada East,North America,3385,3122215,7B,44.67156982421875,-63.612430572509766,1749576543,180
YHZ,Halifax Transit,Halifax,Canada,Canada East,North America,3336,3120486,67,44.64902877807617,-63.54814910888672,1749576972,271
YHZ,Halifax Transit,Halifax,Canada,Canada East,North America,2745,3115405,28,44.648399353027344,-63.62142181396485,1749577386,61
YHZ,Halifax Transit,Halifax,Canada,Canada East,North America,3402,3118077,5,44.66984176635742,-63.505489349365234,1749577814,180
YHZ,Halifax Transit,Halifax,Canada,Canada East,North America,3392,3118376,51A,44.67094039916992,-63.575408935546875,1749578397,60
YHZ,Halifax Transit,Halifax,Canada,Canada East,North America,3308,3121121,6C,44.67097854614258,-63.574798583984375,1749578416,91
YHZ,Halifax Transit,Halifax,Canada,Canada East,North America,3397,3117509,4,44.660919189453125,-63.662620544433594,1749578422,271
YHZ,Halifax Transit,Halifax,Canada,Canada East,North America,3389,3116152,3,44.64841079711914,-63.621280670166016,1749578423,120
YHZ,Halifax Transit,Halifax,Canada,Canada East,North America,3399,3113687,186,44.64768981933594,-63.58575820922851,1749578672,90
YHZ,Halifax Transit,Halifax,Canada,Canada East,North America,3363,3123112,84,44.65114974975586,-63.576290130615234,1749578794,59
YHZ,Halifax Transit,Halifax,Canada,Canada East,North America,3327,3123113,84,44.64939880371094,-63.582801818847656,1749579086,211
YHZ,Halifax Transit,Halifax,Canada,Canada East,North America,3329,3112880,10B,44.63840866088867,-63.57749938964844,1749579092,211
YHZ,Halifax Transit,Halifax,Canada,Canada East,North America,2529,3116848,320,44.65044021606445,-63.57577896118164,1749579302,150
YHZ,Halifax Transit,Halifax,Canada,Canada East,North America,4005,3117518,4,44.63655090332031,-63.58980178833008,1749579446,120
YHZ,Halifax Transit,Halifax,Canada,Canada East,North America,4017,3116943,370,44.65071868896485,-63.57592010498047,1749579461,90
YHZ,Halifax Transit,Halifax,Canada,Canada East,North America,3395,3115215,26,44.64181900024414,-63.63652038574219,1749579475,120
YHZ,Halifax Transit,Halifax,Canada,Canada East,North America,3194,3122612,8,44.65113830566406,-63.57632064819336,1749579514,60
YHZ,Halifax Transit,Halifax,Canada,Canada East,North America,3377,3122607,8,44.76782989501953,-63.699249267578125,1749579515,121
YHZ,Halifax Transit,Halifax,Canada,Canada East,North America,3411,3114966,24,44.59537887573242,-63.63671875,1749579554,512
YHZ,Halifax Transit,Halifax,Canada,Canada East,North America,3407,3124085,90,44.64937973022461,-63.57304000854492,1749579607,181
YHZ,Halifax Transit,Halifax,Canada,Canada East,North America,3282,3124037,90,44.72309112548828,-63.69778823852539,1749579635,121
YHZ,Halifax Transit,Halifax,Canada,Canada East,North America,3308,3120771,6A,44.64904022216797,-63.54816818237305,1749579652,271
YHZ,Halifax Transit,Halifax,Canada,Canada East,North America,2747,3113401,138,44.63605880737305,-63.58456039428711,1749579798,181
YHZ,Halifax Transit,Halifax,Canada,Canada East,North America,3301,3117512,4,44.66115188598633,-63.662960052490234,1749580008,121
YHZ,Halifax Transit,Halifax,Canada,Canada East,North America,3109,3118079,5,44.66975021362305,-63.50537109375,1749580011,59
YHZ,Halifax Transit,Halifax,Canada,Canada East,North America,3389,3116152,3,44.67070007324219,-63.5750617980957,1749580018,59
YHZ,Halifax Transit,Halifax,Canada,Canada East,North America,3409,3116093,3,44.693939208984375,-63.5831184387207,1749580019,59
YHZ,Halifax Transit,Halifax,Canada,Canada East,North America,3299,3121368,72,44.669898986816406,-63.505489349365234,1749580020,59
YHZ,Halifax Transit,Halifax,Canada,Canada East,North America,3407,3124085,90,44.64936828613281,-63.57305145263672,1749580028,451
YHZ,Halifax Transit,Halifax,Canada,Canada East,North America,3239,3120772,6A,44.67105865478515,-63.57487106323242,1749580036,91
YHZ,Halifax Transit,Halifax,Canada,Canada East,North America,3109,3118079,5,44.66976165771485,-63.50537109375,1749580072,181
YHZ,Halifax Transit,Halifax,Canada,Canada East,North America,3411,3114966,24,44.59537887573242,-63.63671112060547,1749580186,89
YHZ,Halifax Transit,Halifax,Canada,Canada East,North America,3392,3118407,51A,44.670501708984375,-63.573951721191406,1749580234,378
YHZ,Halifax Transit,Halifax,Canada,Canada East,North America,2529,3116848,320,44.67013168334961,-63.57403945922851,1749580267,121
YHZ,Halifax Transit,Halifax,Canada,Canada East,North America,3282,3124037,90,44.72309875488281,-63.69778823852539,1749580269,90
YHZ,Halifax Transit,Halifax,Canada,Canada East,North America,3367,3120204,64,44.70341873168945,-63.57530975341797,1749580274,90
YHZ,Halifax Transit,Halifax,Canada,Canada East,North America,3395,3115208,26,44.64839172363281,-63.62141036987305,1749580289,121
YHZ,Halifax Transit,Halifax,Canada,Canada East,North America,3299,3121368,72,44.66967010498047,-63.505741119384766,1749580292,121
YHZ,Halifax Transit,Halifax,Canada,Canada East,North America,3239,3120772,6A,44.64902877807617,-63.54819869995117,1749581543,211
YHZ,Halifax Transit,Halifax,Canada,Canada East,North America,3285,3113741,196,44.64751052856445,-63.58578872680664,1749581737,331
YHZ,Halifax Transit,Halifax,Canada,Canada East,North America,3363,3123112,84,44.7724494934082,-63.69411849975586,1749582685,513
YHZ,Halifax Transit,Halifax,Canada,Canada East,North America,3389,3116152,3,44.69886016845703,-63.60752868652344,1749582697,61
YHZ,Halifax Transit,Halifax,Canada,Canada East,North America,3234,3116091,3,44.65727996826172,-63.62934875488281,1749582728,151
YHZ,Halifax Transit,Halifax,Canada,Canada East,North America,3363,3123112,84,44.7724494934082,-63.694129943847656,1749582836,181
YHZ,Halifax Transit,Halifax,Canada,Canada East,North America,3330,3124515,9A,44.58900833129883,-63.59347915649414,1749582851,121
